agent,aggregate_agent_evaluation
ALL_AGENTS_SUMMARY,"Based on the provided data for **Agent Sheld Tucker (ID 1)** and **Agent Leo Williams (ID 2)**, we can identify several **common realism issues** and **shared patterns of human-likeness**. These observations are drawn from the dimensions of behavior, anomalies, and overall consistency in their timelines.

---

## 🔍 **Common Realism Issues Across Agents**

### 1. **Absence of Rest Across Midnight**
- **Both agents** exhibit the same **anomaly**: they show no rest or downtime between **23:30–23:59 on Day 0** and **00:00–00:29 on Day 1**.
- **Realism issue**: This suggests a **lack of natural sleep or rest patterns**, which is highly unrealistic for human behavior. Humans typically require sleep, and the absence of a clear break between days (especially during late-night to early-morning hours) indicates a **mechanical or non-human-like behavior**.
- **Shared pattern**: This is a **shared anomaly**, implying that both agents may be modeled with **similar limitations** in simulating natural circadian rhythms or rest behaviors.

### 2. **Limited Mobility**
- **Both agents** show **no indication of travel beyond fixed locations** (home, work, and possibly nearby coffee shops).
- **Realism issue**: While some individuals may have limited mobility due to routine or work, the **"
